Date,Open,High,Low,Close,Volume
02/01/2020 16:00:00,38.22,38.25,36.6,36.7,1784775
03/01/2020 16:00:00,36.11,37.7,35.96,37.42,1573566
06/01/2020 16:00:00,37.51,40.07,37.38,39.9,5565682
07/01/2020 16:00:00,39.95,41.54,39.2,40.06,4079920
08/01/2020 16:00:00,40.3,41.08,39.15,39.95,1958317
09/01/2020 16:00:00,40.45,40.97,39.88,40.21,1630376
10/01/2020 16:00:00,40.55,40.88,39.84,40.16,1675832
13/01/2020 16:00:00,40.72,43.52,40.6,40.94,5302350
14/01/2020 16:00:00,41.16,41.4,38.82,39.27,2403957
15/01/2020 16:00:00,39.57,41.49,39.4,40.23,2098295
16/01/2020 16:00:00,40.74,41.78,39.96,40.61,2021217
17/01/2020 16:00:00,41.2,41.72,40.61,41.19,1377612
21/01/2020 16:00:00,41.18,42.27,40.47,41.13,2192131
22/01/2020 16:00:00,41.48,42.67,41.26,42.24,1167468
23/01/2020 16:00:00,42.33,43.25,40.93,42.81,1799947
24/01/2020 16:00:00,43.49,44.03,40.81,42.05,2572285
27/01/2020 16:00:00,40,41.33,39.25,41.26,2053832
28/01/2020 16:00:00,41.58,42.21,40.58,42.16,1229611
29/01/2020 16:00:00,42.9,44.99,42.16,43.92,2818084
30/01/2020 16:00:00,43.49,47.2,43.08,47.04,2830758
31/01/2020 16:00:00,47.13,47.26,45.74,46.21,1708920
03/02/2020 16:00:00,46.62,47.48,43.51,45.26,2275921
04/02/2020 16:00:00,46.21,48.49,45.73,47.6,1780497
05/02/2020 16:00:00,48.88,49.08,43.77,45.73,2455196
06/02/2020 16:00:00,45.75,46.3,44.1,46.05,1081525
07/02/2020 16:00:00,46.5,47.98,46.15,47.18,1765853
10/02/2020 16:00:00,47.52,49,47.5,47.95,1537097
11/02/2020 16:00:00,48.62,49.42,47.34,47.81,1884386
12/02/2020 16:00:00,48.25,50.12,48.05,50.01,2199441
13/02/2020 16:00:00,49.35,49.47,47.71,48.5,3361781
14/02/2020 16:00:00,45.91,48.69,44.25,47.03,8374759
18/02/2020 16:00:00,47.29,48.58,46.61,47.08,3049789
19/02/2020 16:00:00,47.2,47.86,46.41,47.3,2877410
20/02/2020 16:00:00,45.68,47.03,44.08,45.99,5201779
21/02/2020 16:00:00,45.64,45.79,43.72,45.68,2696208
24/02/2020 16:00:00,43,45.35,42.33,44.96,3187413
25/02/2020 16:00:00,45.4,45.6,43,44.31,4406094
26/02/2020 16:00:00,44.06,45.39,43.5,43.91,2819511
27/02/2020 16:00:00,42.12,46.58,41.72,45.89,7190094
28/02/2020 16:00:00,43.8,45.84,43.5,45.15,4483196
02/03/2020 16:00:00,45,45.78,43.61,44.79,5881164
03/03/2020 16:00:00,44.8,44.86,42.36,43.4,4483680
04/03/2020 16:00:00,44.33,44.9,43.13,44.53,2239971
05/03/2020 16:00:00,43.31,48.12,43.31,47.3,5074317
06/03/2020 16:00:00,46.01,46.44,43.08,43.62,3987390
09/03/2020 16:00:00,38.78,40,37.37,38.82,9150122
10/03/2020 16:00:00,39.75,39.85,36.45,38,13106274
11/03/2020 16:00:00,37.31,37.71,34.79,35.56,6249069
12/03/2020 16:00:00,32.46,34.93,31,33.1,6687304
13/03/2020 16:00:00,36,36.6,32,35.26,5704742
16/03/2020 16:00:00,32,33.18,28.88,28.96,4915538
17/03/2020 16:00:00,29.53,34.44,29.31,34.12,4476827
18/03/2020 16:00:00,30.85,33.88,30.46,32.08,3134164
19/03/2020 16:00:00,32,33.77,31.3,33.1,4076217
20/03/2020 16:00:00,33.54,35.12,33.01,33.38,5349735
23/03/2020 16:00:00,34.1,34.1,30.63,32.9,4407902
24/03/2020 16:00:00,34.05,35.39,33.75,34.49,3495732
25/03/2020 16:00:00,34.11,36.89,33.6,33.69,3049103
26/03/2020 16:00:00,34.07,35.93,33.41,34.3,4155146
27/03/2020 16:00:00,34.29,35.24,33.14,34.55,2892455
30/03/2020 16:00:00,35.45,35.66,33.75,34.75,2321368
31/03/2020 16:00:00,34.5,36.54,34.36,35.98,3222255
01/04/2020 16:00:00,34.83,37,34.31,34.88,2855247
02/04/2020 16:00:00,34.9,35.87,33.62,34.6,1865959
03/04/2020 16:00:00,34.5,35.34,33.04,34.69,2627168
06/04/2020 16:00:00,35.44,36.45,35.1,36.28,2187606
07/04/2020 16:00:00,37,37.24,35.01,35.9,2920789
08/04/2020 16:00:00,36.1,37.89,35.4,37.15,4113152
09/04/2020 16:00:00,37,37.49,36.35,36.95,2737154
13/04/2020 16:00:00,37.69,38.35,37.42,37.87,3050737
14/04/2020 16:00:00,38.57,39.12,38.25,38.91,2726005
15/04/2020 16:00:00,38.58,39.36,38.02,38.74,2956205
16/04/2020 16:00:00,39.1,39.92,38.72,39.64,2895817
17/04/2020 16:00:00,40,40.67,38.55,40.4,3179990
20/04/2020 16:00:00,39.97,42.59,39.97,40.99,2934331
21/04/2020 16:00:00,41.03,41.68,38.14,40,3063302
22/04/2020 16:00:00,40.56,41.43,40.26,40.29,1886353
23/04/2020 16:00:00,40.01,41,38.68,40.15,1540703
24/04/2020 16:00:00,40.89,42.1,40.23,41.81,2781973
27/04/2020 16:00:00,42.25,43.43,42,43.23,1619726
28/04/2020 16:00:00,43.56,44.23,41.8,43.6,2260345
29/04/2020 16:00:00,43.85,45.14,43.74,44.65,1961155
30/04/2020 16:00:00,44.93,45.28,44.44,45.12,1734659
01/05/2020 16:00:00,44,45.47,43.13,44.98,2091955
04/05/2020 16:00:00,44.9,46.13,43.81,45.83,2499311
05/05/2020 16:00:00,46.33,47.34,46.01,46.6,3277065
06/05/2020 16:00:00,47,47.28,46.01,46.56,2195565
07/05/2020 16:00:00,47.5,50.09,47.26,49.61,4854477
08/05/2020 16:00:00,51.33,52.24,49.58,51.73,5233363
11/05/2020 16:00:00,52.99,57.18,52.6,55.69,10262785
12/05/2020 16:00:00,61.87,70.12,61.05,68.86,24947327
13/05/2020 16:00:00,66.64,72.15,64.61,69.99,13535327
14/05/2020 16:00:00,66.38,67.25,62.12,65.19,13375032
15/05/2020 16:00:00,65,69.22,64.94,67.16,6688476
18/05/2020 16:00:00,69,69.77,66.86,67.41,4062797
19/05/2020 16:00:00,67.75,71.42,67.46,70.06,4009379
20/05/2020 16:00:00,71.01,71.79,69.26,70.7,3189666
21/05/2020 16:00:00,70,70.98,68.45,69.89,2329398
22/05/2020 16:00:00,70.05,74,70,73.04,4724399
26/05/2020 16:00:00,74.59,75,67.51,71,5207838
27/05/2020 16:00:00,69.85,70.13,62.5,66.82,6837153
28/05/2020 16:00:00,64.9,70.2,64.6,67.13,4244831
29/05/2020 16:00:00,68.76,71.47,67.5,71.27,12946333
01/06/2020 16:00:00,70.61,72.16,69.25,69.49,5487725
02/06/2020 16:00:00,69.49,72.09,67.18,70.81,4859499
03/06/2020 16:00:00,70.78,73.48,69.31,72.89,3133183
04/06/2020 16:00:00,73.13,73.7,69.44,71.76,5502505
05/06/2020 16:00:00,69.95,72.08,68.21,70.66,3433710
08/06/2020 16:00:00,71.38,77.69,70.08,76.54,5918736
09/06/2020 16:00:00,76.39,78.49,73.58,73.74,4048412
10/06/2020 16:00:00,75.72,79.18,75.32,78.26,3476796
11/06/2020 16:00:00,76.12,79.4,75.18,76.05,3803601
12/06/2020 16:00:00,77.9,80.62,76.27,78.05,3672897
15/06/2020 16:00:00,78.15,83.2,77.63,81.52,12447
16/06/2020 16:00:00,82.04,84.45,80.55,81.99,4656786
17/06/2020 16:00:00,83.37,84.99,82.25,83.04,4969476
18/06/2020 16:00:00,83.88,87.12,82.12,86.65,6667680
19/06/2020 16:00:00,88.25,89.57,85.2,86.79,8109076
22/06/2020 16:00:00,87.67,89.6,87.08,89.01,4979785
23/06/2020 16:00:00,90,93,87.89,89.69,6748404
24/06/2020 16:00:00,90.06,92.89,86.45,88.5,4140682
25/06/2020 16:00:00,88.14,91.55,86.69,89.6,3215068
26/06/2020 16:00:00,90.56,91.08,83.8,84.5,14063118
29/06/2020 16:00:00,85.02,85.24,80.09,83.72,4920944
30/06/2020 16:00:00,84.29,87.17,83.77,86.95,2752208
01/07/2020 16:00:00,87.19,89.75,86.01,89.38,2447299
02/07/2020 16:00:00,90.5,91.07,88.34,89.59,4516665
06/07/2020 16:00:00,91.35,92.6,88.02,88.96,5769351
07/07/2020 16:00:00,90.01,92.17,88.55,90.09,2898141
08/07/2020 16:00:00,91.85,96.84,91,96.13,3914872
09/07/2020 16:00:00,97.99,98.99,93.17,96.1,4841179
10/07/2020 16:00:00,96.82,98.14,95.13,96.41,4140959
13/07/2020 16:00:00,97.77,98.64,85.67,86.66,5577929
14/07/2020 16:00:00,87.6,90.83,83,88.89,3781106
15/07/2020 16:00:00,88.97,90.93,85.49,88.48,3155644
16/07/2020 16:00:00,87.65,87.9,83.38,85.32,3390448
17/07/2020 16:00:00,85.6,87.86,85.31,87.3,3224951
20/07/2020 16:00:00,88.31,93.14,88.1,92.14,3425599
21/07/2020 16:00:00,92.77,93,89.34,90.72,4407092
22/07/2020 16:00:00,90.88,92.36,88.53,89.5,1578511
23/07/2020 16:00:00,88.85,91.3,83.57,85.22,3378937
24/07/2020 16:00:00,83.4,86.75,81.54,84.84,2244202
27/07/2020 16:00:00,86.2,88.58,85.68,87.83,1782489
28/07/2020 16:00:00,87.72,89.72,87.06,88.28,1311166
29/07/2020 16:00:00,89.22,90.87,87.28,90.13,1968244
30/07/2020 16:00:00,89.79,94.07,89.79,92.76,2349409
31/07/2020 16:00:00,94.79,95,91.2,93.86,2430564
03/08/2020 16:00:00,95.82,96.67,93.67,95.67,4632820
04/08/2020 16:00:00,95.76,96.15,92.13,94.22,2848109
05/08/2020 16:00:00,94.31,95.36,91.7,94.32,2906196
06/08/2020 16:00:00,92.72,93.37,87.32,90.01,8160562
07/08/2020 16:00:00,82.6,83.75,74.11,75.28,18906504
10/08/2020 16:00:00,77.61,78.96,72.6,76.36,7820066
11/08/2020 16:00:00,75.31,78.76,75,75.68,6876443
12/08/2020 16:00:00,76,78.65,75.91,76.61,3854286
13/08/2020 16:00:00,77.84,84.57,76.92,82.42,10101658
14/08/2020 16:00:00,83,84.27,79.82,81.24,2984739
17/08/2020 16:00:00,81.61,83.75,81.16,83.45,3218799
18/08/2020 16:00:00,83.09,83.89,81.6,83.46,3403927
19/08/2020 16:00:00,83.05,83.56,81.43,82.47,2405904
20/08/2020 16:00:00,82.26,86.6,82,85.78,3341541
21/08/2020 16:00:00,85.52,86.7,84.66,86.12,2487232
24/08/2020 16:00:00,87.01,87.26,82.06,84.34,2701970
25/08/2020 16:00:00,83.67,84.75,82.17,83.77,2164321
26/08/2020 16:00:00,85.77,89.47,85.1,86.28,4652805
27/08/2020 16:00:00,86.28,86.47,82.03,83.54,3295848
28/08/2020 16:00:00,82.74,86.25,81.53,82.98,4285308
31/08/2020 16:00:00,83.49,83.72,81.56,83.55,4829077
01/09/2020 16:00:00,83.99,87.49,82.5,85.77,4395591
02/09/2020 16:00:00,87.91,88,81.78,84.19,3767494
03/09/2020 16:00:00,81.5,81.78,76.28,80.1,7202825
04/09/2020 16:00:00,78.5,80.46,75.55,79.57,4659988
08/09/2020 16:00:00,77,81.46,75.75,79.98,3848680
09/09/2020 16:00:00,81.53,83.37,79.51,81.98,3190831
10/09/2020 16:00:00,82.2,84.55,80.29,80.67,2952078
11/09/2020 16:00:00,81.5,83.3,78.61,80.36,4335389
14/09/2020 16:00:00,81.44,84.85,80.34,84.39,4202090
15/09/2020 16:00:00,85.06,89.43,85.03,88.54,5935530
16/09/2020 16:00:00,88.2,92.75,88.18,89.38,5167845
17/09/2020 16:00:00,85.56,88.29,85.49,87.25,3831727
18/09/2020 16:00:00,88.44,88.74,84.51,85.69,14273120
21/09/2020 16:00:00,84.39,88.7,80.27,88.14,5630495
22/09/2020 16:00:00,88.33,93.5,85.81,93.41,6512570
23/09/2020 16:00:00,91.98,94.9,90.66,91.1,4138187
24/09/2020 16:00:00,88.79,90.73,87.28,88.37,1999286
25/09/2020 16:00:00,89,90.89,87.62,90.65,1624432
28/09/2020 16:00:00,91.86,95.32,91.2,92.25,3286177
29/09/2020 16:00:00,92.06,93.54,90.39,90.92,2264733
30/09/2020 16:00:00,90.92,107.99,89.43,102.16,28819045
01/10/2020 16:00:00,101.43,105.5,98.63,103.51,11446218
02/10/2020 16:00:00,101.31,108.2,100.92,103.49,8513770
05/10/2020 16:00:00,104.75,108.1,103.71,106.89,4459177
06/10/2020 16:00:00,106.89,109.6,102.14,103.92,4509984
07/10/2020 16:00:00,105.43,109.22,104.4,104.43,4579828
08/10/2020 16:00:00,105.26,105.95,101.81,102.66,2882603
09/10/2020 16:00:00,104.65,114.55,103.52,111.79,10875158
12/10/2020 16:00:00,112.25,113.64,108.83,112.2,4617455
13/10/2020 16:00:00,112.65,118.13,112.05,116.87,4756643
14/10/2020 16:00:00,117.55,117.8,112.3,113.55,2923780
15/10/2020 16:00:00,107.2,114.09,104.55,113.29,3787415
16/10/2020 16:00:00,114.84,116.37,111.74,112.36,2166131
19/10/2020 16:00:00,112.25,113.75,110.4,111.66,2858490
20/10/2020 16:00:00,112.31,112.47,107.74,108.59,2585828
21/10/2020 16:00:00,110,110.2,100.04,102.17,6148635
22/10/2020 16:00:00,102.87,103.79,98.57,98.94,2970331
23/10/2020 16:00:00,99.61,102.89,97.35,102.08,2949512
26/10/2020 16:00:00,100.65,104.53,96.11,99.76,3296132
27/10/2020 16:00:00,101.25,103.92,100.53,101.33,1588881
28/10/2020 16:00:00,99.25,99.7,96.6,97.03,2230864
29/10/2020 16:00:00,97.99,98.19,95.13,96.41,2424735
30/10/2020 16:00:00,94.86,95.45,90.54,90.75,3737743
02/11/2020 16:00:00,91.78,91.79,86.66,88.33,4567163
03/11/2020 16:00:00,88.53,90.77,86.5,90.14,2521618
04/11/2020 16:00:00,95.76,99.99,95.26,97.62,3660549
05/11/2020 16:00:00,102.26,103.95,99.65,101.95,2745838
06/11/2020 16:00:00,102,102.58,98.88,100.35,2529577
09/11/2020 16:00:00,98.76,101,93.05,94.89,3434030
10/11/2020 16:00:00,94.71,96.25,88.59,92.6,6383800
11/11/2020 16:00:00,85.15,87.13,79.76,86.83,25348588
12/11/2020 16:00:00,88.08,90.3,87.08,90.01,6626820
13/11/2020 16:00:00,87.89,89.16,83.89,85.82,5765853
16/11/2020 16:00:00,83.41,87.42,82.38,86.36,3006134
17/11/2020 16:00:00,87.35,88.91,85.53,88.09,3885825
18/11/2020 16:00:00,88,89.95,85.74,87.3,2574568
19/11/2020 16:00:00,87.15,91.95,87.13,88.89,3996408
20/11/2020 16:00:00,89.68,91.24,89.03,89.09,2339651
23/11/2020 16:00:00,89.78,91.64,88.3,91.04,2162790
24/11/2020 16:00:00,90.32,90.84,87.3,89.18,3067365
25/11/2020 16:00:00,89.39,93.92,88.95,93.51,3036860
27/11/2020 13:00:00,95,96.8,94.18,96.42,1907728
30/11/2020 16:00:00,97.01,99.57,94.1,98.92,4749938
01/12/2020 16:00:00,98.6,98.8,94.02,95.67,3324020
02/12/2020 16:00:00,93.77,93.9,90.13,93.5,3099746
03/12/2020 16:00:00,95.09,98.84,94.19,97.36,7026
04/12/2020 16:00:00,97.75,102.4,97.67,101.57,3780506
07/12/2020 16:00:00,101.9,102.64,98.23,99.16,2605883
08/12/2020 16:00:00,99.39,100.18,96.23,99.85,2346185
09/12/2020 16:00:00,100,100.75,94.75,95.65,2126233
10/12/2020 16:00:00,94.51,103.77,93.92,101.53,4715751
11/12/2020 16:00:00,99.57,100.96,96.36,98.98,3823574
14/12/2020 16:00:00,100,103.43,99.62,102.27,4326462
15/12/2020 16:00:00,103.08,105.63,99.9,101.23,4433780
16/12/2020 16:00:00,101.53,105,101.3,104.55,3897534
17/12/2020 16:00:00,105.53,109.85,105.13,108.7,4687735
18/12/2020 16:00:00,109.24,109.61,107.03,107.72,7520043
21/12/2020 16:00:00,105.97,107.17,103.34,106.46,2702091
22/12/2020 16:00:00,107.96,111.08,106.85,111.07,2941274
23/12/2020 16:00:00,110.71,111.49,107.4,107.44,1587547
24/12/2020 13:00:00,107.04,109.85,106.11,106.28,785662
28/12/2020 16:00:00,107.27,107.98,99.7,100.22,2673217
29/12/2020 16:00:00,100.78,100.95,97.45,98.92,2267745
30/12/2020 16:00:00,99.97,101.43,98.5,99.31,1732682
31/12/2020 16:00:00,98.6,99.33,96.6,98.44,1743528
04/01/2021 16:00:00,98.69,98.83,90.8,91.23,6408029
05/01/2021 16:00:00,92,93.36,89.83,93.03,3072508
06/01/2021 16:00:00,91.25,93.97,90.25,91.33,3538748
07/01/2021 16:00:00,92.1,96.65,92.1,96.64,3316363
08/01/2021 16:00:00,97.55,100.25,97.5,99.94,2564963
11/01/2021 16:00:00,101.75,107.74,99.78,104.25,4315972
12/01/2021 16:00:00,104.28,107.49,104,105.58,2467243
13/01/2021 16:00:00,105,105.82,102.06,104.85,1746810
14/01/2021 16:00:00,105.41,106.21,101.16,101.84,2129108
15/01/2021 16:00:00,102.3,104.8,99.47,99.84,1459652
19/01/2021 16:00:00,100.98,101.09,97.22,99.09,2070471
20/01/2021 16:00:00,101.35,105.55,100.6,104.28,3553340
21/01/2021 16:00:00,105.1,105.37,101.76,103.34,1896676
22/01/2021 16:00:00,102.8,109.62,102.3,105,3371405
25/01/2021 16:00:00,106.37,112.29,104.05,108.97,7332455
26/01/2021 16:00:00,109.37,109.68,102.43,103.52,2567176
27/01/2021 16:00:00,102.19,104.1,98,98,4430483
28/01/2021 16:00:00,98.04,101.91,96.5,100,3308138
29/01/2021 16:00:00,99.51,103.09,97,102.75,3813230
01/02/2021 16:00:00,103.47,105.04,100.65,101.79,3691869
02/02/2021 16:00:00,103.81,107.38,102.7,106.01,3375091
03/02/2021 16:00:00,107.5,111.65,106.53,110.52,3462175
04/02/2021 16:00:00,111.99,113.57,107.53,111.92,2544093
05/02/2021 16:00:00,111.38,115.64,110.94,114.9,3164711
08/02/2021 16:00:00,115.89,116.94,113.7,116.42,2820275
09/02/2021 16:00:00,116.48,119.43,116.27,117.85,2916557
10/02/2021 16:00:00,118.51,119.03,111.76,115.55,2103690
11/02/2021 16:00:00,116.59,117.92,114.73,117.6,3777476
12/02/2021 16:00:00,111.75,113.59,108.01,112.86,5238759
16/02/2021 16:00:00,111.43,114,105.62,107.56,4087874
17/02/2021 16:00:00,103.5,105.34,100.5,103.08,5525679
18/02/2021 16:00:00,103.05,106.86,101.63,106.4,3528875
19/02/2021 16:00:00,107.09,107.56,104.05,105.05,2987479
22/02/2021 16:00:00,102.01,103.51,98.67,99.7,3550076
23/02/2021 16:00:00,95.96,99.21,92.81,98.67,4829882
24/02/2021 16:00:00,98.84,101.84,96.59,99.36,3060653
25/02/2021 16:00:00,99.75,100.37,93.28,95,2889000
26/02/2021 16:00:00,95.85,97.81,93.16,95.41,3964705
01/03/2021 16:00:00,96.78,97.9,94.47,97.61,2739334
02/03/2021 16:00:00,98.61,98.65,93.19,93.51,3531719
03/03/2021 16:00:00,93.51,94,87.37,90,5042718
04/03/2021 16:00:00,88.68,90.76,81.13,85,6348176
05/03/2021 16:00:00,85.28,85.65,78.09,82.2,8264714
08/03/2021 16:00:00,82.19,83.43,77.03,77.52,5958609
09/03/2021 16:00:00,81.54,82.98,79.28,82,5666563
10/03/2021 16:00:00,84.38,84.45,80.01,80.7,3745931
11/03/2021 16:00:00,83.44,86.98,82.91,86.24,3715268
12/03/2021 16:00:00,83.64,84.01,81.76,83,3006697
15/03/2021 16:00:00,82.55,88.6,82.37,87.61,3756732
16/03/2021 16:00:00,89.26,90.23,85.71,86.37,2759727
17/03/2021 16:00:00,85.55,87.93,82.51,86.54,3117275
18/03/2021 16:00:00,85,85.68,81.69,81.89,4344780
19/03/2021 16:00:00,82.32,84.47,80.53,84.03,4544213
22/03/2021 16:00:00,84.81,87.03,84.05,85.18,3071369
23/03/2021 16:00:00,85.48,86.63,84.32,85.17,2718927
24/03/2021 16:00:00,85.08,85.37,81.04,81.26,2974775
25/03/2021 16:00:00,78.8,81.29,77.19,78.26,5460368
26/03/2021 16:00:00,78.87,83.44,78.07,80.29,5772260
29/03/2021 16:00:00,79.73,80.68,75.63,77.04,4367405
30/03/2021 16:00:00,76.32,77.58,74.53,77.37,2731737
31/03/2021 16:00:00,79.38,85.14,77.71,83.34,5213892
01/04/2021 16:00:00,86.95,88.15,85.6,87.2,4981982
05/04/2021 16:00:00,87.84,88,81.7,83.24,4233607
06/04/2021 16:00:00,83.3,89.99,82.92,88.89,4486244
07/04/2021 16:00:00,88.87,88.88,85.27,86.6,1975402
08/04/2021 16:00:00,87.55,90.09,87.29,88.32,2101298
09/04/2021 16:00:00,87.4,89.5,85.73,88.8,1781652
12/04/2021 16:00:00,87.73,90.9,87,90.46,2822485
13/04/2021 16:00:00,91.1,95.52,90.54,94.21,6156401
14/04/2021 16:00:00,94.89,96.14,93,93.25,2143195
15/04/2021 16:00:00,94.04,96.35,93.93,95.27,2060506
16/04/2021 16:00:00,94.55,94.63,89.28,90.34,3276736
19/04/2021 16:00:00,90.01,91.77,86.9,87.89,2441759
20/04/2021 16:00:00,88.4,88.4,83.57,83.96,3078007
21/04/2021 16:00:00,83.96,85.99,82.68,84.78,2508451
22/04/2021 16:00:00,85.65,87.94,84.62,84.81,2345255
23/04/2021 16:00:00,86.33,89.76,85.18,89.57,2643138
26/04/2021 16:00:00,89.4,93.16,89.11,93.14,2193884
27/04/2021 16:00:00,92.73,93.99,91.96,93.8,2280985
28/04/2021 16:00:00,93.14,93.74,91.44,91.56,1277579
29/04/2021 16:00:00,91.94,92.2,87.37,88.84,2450984
30/04/2021 16:00:00,86.38,88.6,85.72,85.77,2587841
03/05/2021 16:00:00,86.33,86.33,79.92,80.17,4616085
04/05/2021 16:00:00,79.04,79.91,76.12,77.86,3246015
05/05/2021 16:00:00,78.91,79.39,76.11,76.74,1848134
06/05/2021 16:00:00,75.68,75.68,69.73,71.36,6749315
07/05/2021 16:00:00,79.34,79.78,75.85,77.29,6992038
10/05/2021 16:00:00,76.5,77.45,74.37,76.86,3524108
11/05/2021 16:00:00,73.14,79.1,73.04,78.62,4305634
12/05/2021 16:00:00,77.67,77.94,75.29,76.84,2863717
13/05/2021 16:00:00,77.97,80.43,76.15,77.39,4129636
14/05/2021 16:00:00,78.14,82.82,76.8,82.51,4467126
17/05/2021 16:00:00,80.08,82.66,78.51,81.03,5421962
18/05/2021 16:00:00,81.71,84.08,80.89,83.11,4149305
19/05/2021 16:00:00,81.3,85.46,80.02,83.67,4235992
20/05/2021 16:00:00,84.75,88.72,84.29,88.12,4047956
21/05/2021 16:00:00,90.21,90.89,87.55,88.95,3787454
24/05/2021 16:00:00,89.5,90.73,88.71,89.76,2728881
25/05/2021 16:00:00,89.9,90.64,88.41,89.58,2072638
26/05/2021 16:00:00,90.65,93.94,90.29,91.43,2308577
27/05/2021 16:00:00,90.14,92.35,88.21,92.31,3994077
28/05/2021 16:00:00,93.27,94.39,91.04,91.05,1654488
01/06/2021 16:00:00,91.35,92.45,89.9,91.88,2017764
02/06/2021 16:00:00,91.5,92.29,90.66,91.6,1448119
03/06/2021 16:00:00,91.19,91.45,88.02,88.69,2284440
04/06/2021 16:00:00,88.98,90.99,87.75,88.45,1684243
07/06/2021 16:00:00,87.82,91.46,87.1,90.62,1735266
08/06/2021 16:00:00,91.49,93.16,91.24,92.48,1692312
09/06/2021 16:00:00,92.44,93.48,91.17,91.72,1606205
10/06/2021 16:00:00,91.56,95.5,91.28,94.5,4218109
11/06/2021 16:00:00,94.91,95.8,93.54,95.48,2650008
14/06/2021 16:00:00,96,97.89,95.6,97.25,2577920
15/06/2021 16:00:00,96.92,97.44,95.7,96.59,1887955
16/06/2021 16:00:00,96.6,99.88,96.06,98.38,3614349
17/06/2021 16:00:00,97.26,102.56,97.1,101.75,4231248
18/06/2021 16:00:00,102.52,104.21,101.5,103.26,4717433
21/06/2021 16:00:00,101.75,103.34,99.55,102.35,2691856
22/06/2021 16:00:00,102.63,105.25,102.27,104.54,2355296
23/06/2021 16:00:00,104.74,106.54,104.44,106.53,2399464
24/06/2021 16:00:00,106.91,107.25,105.28,106.44,2862188
25/06/2021 16:00:00,106.7,107.14,104.4,106.06,5560840
28/06/2021 16:00:00,106,107.19,105.46,106.44,1452707
29/06/2021 16:00:00,106.5,107.4,105.3,107.2,1487391
30/06/2021 16:00:00,106.58,106.74,103.74,104.08,1769830
01/07/2021 16:00:00,103.51,105.52,102.51,104.57,1798345
02/07/2021 16:00:00,105.32,107.2,104.98,106.47,1423913
06/07/2021 16:00:00,106.66,109.8,106.58,108.68,2186014
07/07/2021 16:00:00,109.52,110.24,106.09,107.31,1423221
08/07/2021 16:00:00,105.87,107.72,103.96,107.1,1718388
09/07/2021 16:00:00,107,108.29,105.9,108.12,1330139
12/07/2021 16:00:00,109.23,109.9,106.54,107.76,1533148
13/07/2021 16:00:00,107.64,108.78,105.69,106.59,1084527
14/07/2021 16:00:00,107.16,107.67,104.36,104.67,1262110
15/07/2021 16:00:00,104.55,105.92,102.35,103.48,1553002
16/07/2021 16:00:00,104.62,105.56,103.36,104.64,890882
19/07/2021 16:00:00,102.51,105.28,101.38,104.83,1687459
20/07/2021 16:00:00,105.67,108.89,103.43,107.52,1392258
21/07/2021 16:00:00,107.58,108.77,106,108.39,1088470
22/07/2021 16:00:00,109.24,112.38,109.02,110.2,1951356
23/07/2021 16:00:00,110.35,112.53,109.91,111.23,2525635
26/07/2021 16:00:00,110.65,110.78,108.3,109.79,1343244
27/07/2021 16:00:00,109.99,110.91,106.57,109.62,1356871
28/07/2021 16:00:00,110.09,112.69,109.5,111.45,1717085
29/07/2021 16:00:00,111.06,112.92,111,111.23,789771
30/07/2021 16:00:00,110.52,114.2,110.37,110.7,1808444
02/08/2021 16:00:00,110.85,113.2,109.11,111.63,1820114
03/08/2021 16:00:00,111.63,114.92,111.18,114.68,2383614
04/08/2021 16:00:00,114.86,116.39,113.1,114.93,2689709
05/08/2021 16:00:00,131.64,135.38,126.33,132.47,11690337
06/08/2021 16:00:00,129.82,133,128.12,131.92,4016840
09/08/2021 16:00:00,128.68,130.56,124.49,130,4707312
10/08/2021 16:00:00,130.21,130.21,124.9,125.3,4207736
11/08/2021 16:00:00,125.11,128.74,122.23,128.21,3538669
12/08/2021 16:00:00,127.4,131.13,126.91,130.28,4325106
13/08/2021 16:00:00,131.05,137.5,130.61,135.49,5583580
16/08/2021 16:00:00,135.51,136.22,129.29,133.52,2894305
17/08/2021 16:00:00,132.63,134.19,131.04,133,1622837
18/08/2021 16:00:00,133,134.52,131.13,132.68,1844923
19/08/2021 16:00:00,131.3,137.11,129.68,132.42,3016374
20/08/2021 16:00:00,131.71,132.87,129.04,131.15,2779528
23/08/2021 16:00:00,131.07,132.8,129.84,132.5,2593215
24/08/2021 16:00:00,133.7,137.66,133.23,135.48,2445524
25/08/2021 16:00:00,135.45,136.78,134.29,135.63,2118281
26/08/2021 16:00:00,135.09,139.17,131.23,131.3,4116623
27/08/2021 16:00:00,131.87,136.65,131.6,134.84,2071653
30/08/2021 16:00:00,135.61,138.47,134.21,136.63,2020147
31/08/2021 16:00:00,136.99,138.12,134.73,137.8,2120017
01/09/2021 16:00:00,138.08,139.68,135.71,135.77,2945001
02/09/2021 16:00:00,136.63,137.35,135.18,137.09,2009965
03/09/2021 16:00:00,137.22,139.53,136.42,138.06,1937202
07/09/2021 16:00:00,138.18,138.83,135.76,137.36,2533612
08/09/2021 16:00:00,136.03,141.14,133.03,139.57,4792394
09/09/2021 16:00:00,140,143.12,139.15,140.9,3502542
10/09/2021 16:00:00,141.74,142.79,136.87,137.15,2653050
13/09/2021 16:00:00,137.28,138.22,131.39,135.23,3218330
14/09/2021 16:00:00,135.72,138.57,134.5,138.12,2423675
15/09/2021 16:00:00,137.49,139.21,136.87,139.11,1775934
16/09/2021 16:00:00,139.19,144.63,138.87,144.14,2799124
17/09/2021 16:00:00,144.93,145.86,141.91,143.13,3391425
20/09/2021 16:00:00,138.6,143.34,137.59,142.25,2447025
21/09/2021 16:00:00,143.32,146.25,142.11,145.38,3325310
22/09/2021 16:00:00,145.83,149.57,145.46,148.69,2894670
23/09/2021 16:00:00,150.67,150.67,146.36,147.5,2253378
24/09/2021 16:00:00,146.3,147.94,143.59,147.32,1792939
27/09/2021 16:00:00,145.57,145.98,139.93,142,2687272
28/09/2021 16:00:00,138.86,139.89,135.39,137.4,3040719
29/09/2021 16:00:00,138.82,140.47,136.55,138.14,1812513
30/09/2021 16:00:00,138.98,142.73,138.82,141.35,2230892
01/10/2021 16:00:00,142.02,145.3,140.89,144.69,2802848
04/10/2021 16:00:00,143.59,143.59,134.63,137.1,2695800
05/10/2021 16:00:00,137.23,142.57,137.2,141.89,1643603
06/10/2021 16:00:00,140.87,146.15,140.21,143.31,2147406
07/10/2021 16:00:00,143.56,146.05,142.07,142.1,1911910
08/10/2021 16:00:00,143.18,143.91,140.1,140.32,1360859
11/10/2021 16:00:00,139.01,144.18,138.39,141.96,1282388
12/10/2021 16:00:00,143.99,147.25,141.55,145.59,2046969
13/10/2021 16:00:00,146.86,156.8,146.36,155.89,5676765
14/10/2021 16:00:00,157.5,159.92,152.65,153.36,3927308
15/10/2021 16:00:00,153.72,156.16,151.24,154.48,2062253
18/10/2021 16:00:00,154.95,159.13,154.5,157.42,1727670
19/10/2021 16:00:00,158,160.44,156.01,157.94,3479750
20/10/2021 16:00:00,159.43,159.86,154.75,158.85,2322434
21/10/2021 16:00:00,159.45,162.36,158.74,160.92,1328011
22/10/2021 16:00:00,160.94,162.93,158.61,162.39,1602281
25/10/2021 16:00:00,161.98,164.16,160.58,161.58,2206441
26/10/2021 16:00:00,164.58,165.34,159.42,163.87,1937034
27/10/2021 16:00:00,163,164.17,155.5,157.09,3922803
28/10/2021 16:00:00,156.18,161.19,154.36,161,1836447
29/10/2021 16:00:00,161.92,168.73,161.38,167.05,2731516
01/11/2021 16:00:00,167.46,169.19,162.22,165.2,2903876
02/11/2021 16:00:00,166.03,166.44,160.65,164.88,1869723
03/11/2021 16:00:00,164.5,164.98,161.5,162.79,2002877
04/11/2021 16:00:00,163,168.19,161.55,166.95,3007837
05/11/2021 16:00:00,193.89,194,177.48,185.51,8999929
08/11/2021 16:00:00,186.29,194.35,184.88,191.35,4420702
09/11/2021 16:00:00,195.6,197.69,190.72,196.56,3764147
10/11/2021 16:00:00,194,196.51,184.82,188.8,3662189
11/11/2021 16:00:00,191.05,196.49,189.66,190.34,2425209
12/11/2021 16:00:00,190.79,194.21,189.6,193.03,1830108
15/11/2021 16:00:00,194.59,194.67,186.32,191,2476309
16/11/2021 16:00:00,188.15,193.6,186.33,193.26,3230803
17/11/2021 16:00:00,193.75,199.68,189.53,190.26,2943238
18/11/2021 16:00:00,191.39,195.05,188.01,190.6,2213090
19/11/2021 16:00:00,197.7,197.87,192,192.6,2446622
22/11/2021 16:00:00,193,193,178.2,180.75,4305148
23/11/2021 16:00:00,170.61,181.25,168.08,179.42,6194306
24/11/2021 16:00:00,174.57,182.9,171.24,180.34,2900560
26/11/2021 13:00:00,180,184.91,178.22,181.25,1647728
29/11/2021 16:00:00,183.8,187.7,180.75,182.99,4163110
30/11/2021 16:00:00,183.28,186.29,174,178.29,4149828
01/12/2021 16:00:00,182.85,185,161.31,164.53,6259561
02/12/2021 16:00:00,159.6,169.82,158.16,169.44,4291006
03/12/2021 16:00:00,168.88,168.88,152.82,164.22,5138475
06/12/2021 16:00:00,160.43,163.55,153.28,161.41,4257224
07/12/2021 16:00:00,165.37,177.55,165.03,177.01,4073923
08/12/2021 16:00:00,177.59,184.37,173.41,183.16,2793771
09/12/2021 16:00:00,183.5,185.95,173.17,175.41,2811206
10/12/2021 16:00:00,177.71,183.16,173.23,174.56,2625545
13/12/2021 16:00:00,174.94,182.25,169.06,172.03,3405737
14/12/2021 16:00:00,157.32,163.62,153.75,160.78,6585624
15/12/2021 16:00:00,161.22,171.82,160.03,171.02,3741829
16/12/2021 16:00:00,172.4,173,161.32,164.05,3377477
17/12/2021 16:00:00,160,171.38,158.75,170.16,17400805
20/12/2021 16:00:00,163.8,168.85,158.58,164.38,3837131
21/12/2021 16:00:00,166.99,177.64,163.93,177.49,3523333
22/12/2021 16:00:00,176.98,183.31,174.28,179.68,2765438
23/12/2021 16:00:00,179.41,182,175.73,180.36,1966106
27/12/2021 16:00:00,182,184.86,179.77,183.47,3091947
28/12/2021 16:00:00,185.7,186.28,176.29,177.42,1691764
29/12/2021 16:00:00,176.81,180.77,172.71,179.71,1118691
30/12/2021 16:00:00,179.99,181.7,177.51,178.93,1397801
31/12/2021 16:00:00,179.19,181.3,178.01,178.11,1287046
03/01/2022 16:00:00,178.75,180.28,162,163.83,4507538
04/01/2022 16:00:00,163.44,163.44,148.86,157.76,6373028
05/01/2022 16:00:00,152.45,154.5,144.73,145.52,7248113
06/01/2022 16:00:00,145.69,151.34,142.58,143.89,5939587
07/01/2022 16:00:00,144,148.59,140.59,143.79,2553225
10/01/2022 16:00:00,139.78,146.52,134.17,146.33,4963718
11/01/2022 16:00:00,144.8,150.12,143.5,148.6,2866760
12/01/2022 16:00:00,150.38,153.6,144.36,146.33,2303574
13/01/2022 16:00:00,145.75,147.81,134.94,135.13,4061911
14/01/2022 16:00:00,135.34,139.73,132.65,138.28,4274518
18/01/2022 16:00:00,132.96,139.85,131.21,131.87,4619506
19/01/2022 16:00:00,133.21,137.37,130.63,130.91,3824817
20/01/2022 16:00:00,132.88,139.69,129.35,130.01,3174930
21/01/2022 16:00:00,128.26,134.48,125.36,125.55,4075308
24/01/2022 16:00:00,121.75,137.5,119.19,136.07,7411064
25/01/2022 16:00:00,134.19,134.19,124.9,125.14,4930410
26/01/2022 16:00:00,132.54,139.49,126.07,128.04,6942936
27/01/2022 16:00:00,131.28,135.13,127.39,128.15,3212771
28/01/2022 16:00:00,130.31,137.53,122.69,136.96,4943147
31/01/2022 16:00:00,136.96,147.74,136.96,146.11,4826796
01/02/2022 16:00:00,147.89,149.95,141.92,147.78,4089603
02/02/2022 16:00:00,146.27,147,139.36,142.2,4029115
03/02/2022 16:00:00,138.11,141.88,135.11,138.02,3362791
04/02/2022 16:00:00,141.86,153.94,139.18,150.26,5644593
07/02/2022 16:00:00,150.75,161.85,150.55,152.62,5269579
08/02/2022 16:00:00,149.25,154.64,148.19,151.73,3809330
09/02/2022 16:00:00,152.92,156.2,148.49,155.5,5473877
10/02/2022 16:00:00,170.37,184.7,167.1,174.6,15866054
11/02/2022 16:00:00,176.42,181.47,164.92,167.4,6462550
14/02/2022 16:00:00,164.39,170,160.4,164.35,6198130
15/02/2022 16:00:00,169.2,169.82,162.54,168.99,5164032
16/02/2022 16:00:00,165.81,175.89,164.43,173.92,4046408
17/02/2022 16:00:00,170.34,172.62,162.64,165.81,5091342
18/02/2022 16:00:00,167.47,167.89,156.97,159.02,4435856
22/02/2022 16:00:00,160.9,165.16,157.1,158.94,3643293
23/02/2022 16:00:00,156.45,158.94,148.5,149.44,4749871
24/02/2022 16:00:00,143.75,160.54,142.63,159.86,6006393
25/02/2022 16:00:00,159.44,161.65,154.87,161.41,3119979
28/02/2022 16:00:00,162.1,166,159.23,161.11,4705760
01/03/2022 16:00:00,160.24,166.99,158.19,159.97,3668997
02/03/2022 16:00:00,159,165.02,153.62,164.48,3383663
03/03/2022 16:00:00,159.58,160.69,145.94,148.46,5403542
04/03/2022 16:00:00,149,151.19,140.6,142.19,3764511
07/03/2022 16:00:00,144.44,144.89,128.96,130.11,6761536
08/03/2022 16:00:00,129.99,132.16,121.15,127.13,6633934
09/03/2022 16:00:00,133.15,143.62,131.72,142.83,6419730
10/03/2022 16:00:00,139.63,142.53,135.95,140.16,3091661
11/03/2022 16:00:00,142.43,142.46,126.28,127.02,4354633
14/03/2022 16:00:00,127,127,113.89,118.76,6698197
15/03/2022 16:00:00,120.36,121.86,115.54,120.94,3475812
16/03/2022 16:00:00,123.96,135.5,122.73,132.24,5704974
17/03/2022 16:00:00,131.29,139,130.25,137.74,3042618
18/03/2022 16:00:00,136.44,147.95,135.76,145.76,4945930
21/03/2022 16:00:00,142.89,145.47,134.63,140.14,3767416
22/03/2022 16:00:00,142.19,151.92,140.49,148.65,4634152
23/03/2022 16:00:00,145.5,152.62,142.02,146.44,2971887
24/03/2022 16:00:00,147.94,152.47,143.75,152.21,2786964
25/03/2022 16:00:00,152,153.2,142.03,146.84,2755731
28/03/2022 16:00:00,146.36,151.32,143.51,149.35,2365941
29/03/2022 16:00:00,153.96,157.35,148.83,155.41,6686200
30/03/2022 16:00:00,153,158.24,148.54,149.66,3240411
31/03/2022 16:00:00,150.73,156.16,148.01,151.47,3879693
01/04/2022 16:00:00,150.98,156.42,149.89,153.5,3290097
04/04/2022 16:00:00,154.03,159,153.27,156.56,2675686
05/04/2022 16:00:00,156.85,157.37,143.91,146.9,4437091
06/04/2022 16:00:00,142.43,143.38,134.05,137.27,4017392
07/04/2022 16:00:00,136.11,140.75,132.86,137.24,2340629
08/04/2022 16:00:00,134.79,137.28,132.13,134.29,2377207
11/04/2022 16:00:00,131.63,137.87,130.69,135.09,2726877
12/04/2022 16:00:00,140,145.19,134.8,135.5,2991290
13/04/2022 16:00:00,134.95,144.42,134.75,142.87,2855173
14/04/2022 16:00:00,142.67,142.85,135.35,136.04,2311097
18/04/2022 16:00:00,135,135.59,127.06,131.11,2213811
19/04/2022 16:00:00,131.43,138.8,129.92,137.28,3000162
20/04/2022 16:00:00,138.58,138.58,130.2,131.62,2124224
21/04/2022 16:00:00,133.65,137.44,121.21,121.82,3134912
22/04/2022 16:00:00,123.41,125.39,117.95,118.4,4421657
25/04/2022 16:00:00,118.49,124.6,117.86,121.68,9132024
26/04/2022 16:00:00,121.61,124.79,118.2,119.35,5972838
27/04/2022 16:00:00,122.61,127.43,119.61,120.44,4202193
28/04/2022 16:00:00,124.09,130.7,121,128.47,3880179
29/04/2022 16:00:00,126.51,130.66,120.36,120.78,3902289
02/05/2022 16:00:00,119.94,123.34,116.18,120.2,4289269
03/05/2022 16:00:00,119.07,121.17,112.8,114.89,5419455
04/05/2022 16:00:00,116.07,119.33,104.77,119,6707752
05/05/2022 16:00:00,118,124.43,106.86,111.87,11141964
06/05/2022 16:00:00,109.75,118.6,101.37,110,8274776
09/05/2022 16:00:00,105.1,108.06,96.08,97.53,8865838
10/05/2022 16:00:00,101.35,104.51,92.39,98.31,7323487
11/05/2022 16:00:00,96.13,104.74,94.18,97.87,7493114
12/05/2022 16:00:00,95.5,105.62,92.61,98.83,7124093
13/05/2022 16:00:00,103.15,109.73,101.61,108.86,6217016
16/05/2022 16:00:00,106.83,108.93,96.1,97.19,6186158
17/05/2022 16:00:00,100.38,102,87.56,95.05,9610383
18/05/2022 16:00:00,94.13,95.05,84.69,88.07,9012015
19/05/2022 16:00:00,89.83,100.61,88.9,96.53,8148993
20/05/2022 16:00:00,98.52,100.93,90.18,94.79,6090938
23/05/2022 16:00:00,94.53,95.96,90.16,93.93,4170903
24/05/2022 16:00:00,91.93,92.66,84.14,85.81,4988014
25/05/2022 16:00:00,84.69,90.38,83.85,88.73,5822877
26/05/2022 16:00:00,83.21,91.61,82.15,89.63,6696138
27/05/2022 16:00:00,91.02,98.19,90.63,98.07,6535322
31/05/2022 16:00:00,98.16,99.39,93.64,95.39,5545024
01/06/2022 16:00:00,96.84,103.88,95.53,97.5,6668888
02/06/2022 16:00:00,97.39,116.62,96.2,110.08,15399706
03/06/2022 16:00:00,106.82,110.95,103.78,105.44,5764963
06/06/2022 16:00:00,108.38,109.41,102.38,103.16,3962140
07/06/2022 16:00:00,101.58,110.4,101.17,108.06,4300767
08/06/2022 16:00:00,106.56,111.82,106.56,107.35,3669014
09/06/2022 16:00:00,107.33,110.92,103,103.64,5852281
10/06/2022 16:00:00,100.9,100.98,93.81,96.2,5032432
13/06/2022 16:00:00,90.63,94.11,85.74,86.14,6710113
14/06/2022 16:00:00,87.45,89.86,84.7,87.11,4384014
15/06/2022 16:00:00,86.13,91.3,84,89.35,8527535
16/06/2022 16:00:00,85.48,87.79,81.12,81.99,6016253
17/06/2022 16:00:00,82.31,87.22,81.92,85.63,5898553
21/06/2022 16:00:00,88,93.14,87.15,90.31,4348030
22/06/2022 16:00:00,88.5,95.15,87.93,91.09,3657873
23/06/2022 16:00:00,92.54,102.21,91.3,100.6,7340958
24/06/2022 16:00:00,102.54,107.81,102.25,107.48,6597031
27/06/2022 16:00:00,106.16,107.91,102.04,105.2,4215441
28/06/2022 16:00:00,104.8,106.97,96.13,97.32,4470030
29/06/2022 16:00:00,97.1,100.95,95.13,98.37,3126185
30/06/2022 16:00:00,97.08,97.59,90.46,95.24,4417290
01/07/2022 16:00:00,95.25,101.2,95.09,101.05,3821775
05/07/2022 16:00:00,100.92,110.08,98.06,108.38,6545327
06/07/2022 16:00:00,108.85,112.58,105.9,108.03,4086380
07/07/2022 16:00:00,107.53,110.82,106.89,107.7,4422696
08/07/2022 16:00:00,105.3,111.41,103.22,108.29,3961672
11/07/2022 16:00:00,106.41,107.09,101.07,104.01,3211977
12/07/2022 16:00:00,104.69,107.25,95.57,97.32,6087309
13/07/2022 16:00:00,95.26,101.14,92.13,97.34,4852536
14/07/2022 16:00:00,96.3,96.49,91.56,93.78,3206689
15/07/2022 16:00:00,94.65,96.78,92.22,93.6,4460736
18/07/2022 16:00:00,95.37,96.77,90.8,91.04,4985210
19/07/2022 16:00:00,92.85,93.4,87.8,92.96,4748923
20/07/2022 16:00:00,96.23,102.47,95.23,100.88,5223264
21/07/2022 16:00:00,100.37,102.1,98.55,101.23,3835874
22/07/2022 16:00:00,100.9,106.21,93.57,93.79,4743196
25/07/2022 16:00:00,94,94.01,89.47,90.49,3534263
26/07/2022 16:00:00,89.35,89.35,84.46,85.72,5900299
27/07/2022 16:00:00,90.19,95.02,87.78,94.06,6819899
28/07/2022 16:00:00,93.32,96.3,91.41,95.72,4152513
29/07/2022 16:00:00,98.5,102.3,96.87,102.01,6691983
01/08/2022 16:00:00,99.8,105.53,97.63,103.45,4757630
02/08/2022 16:00:00,101.1,108.79,100.89,106.37,3649915
03/08/2022 16:00:00,107.18,113.08,106.55,112.42,5515585
04/08/2022 16:00:00,103.26,111.54,102.1,110.49,13692877
05/08/2022 16:00:00,106.2,115.53,105.69,113.29,6396046
08/08/2022 16:00:00,113.29,119.23,112.31,112.98,5438024
09/08/2022 16:00:00,110.95,112.01,107.49,109.76,4858763
10/08/2022 16:00:00,116.46,118.77,116.05,117.76,5253957
11/08/2022 16:00:00,119.51,120.75,113.84,114.78,4499982
12/08/2022 16:00:00,116,116.15,113.38,115.72,3434570
15/08/2022 16:00:00,115.25,117.9,113.67,116.2,2191042
16/08/2022 16:00:00,114.51,114.88,109.57,113.54,4006899
17/08/2022 16:00:00,111.09,112.21,108.29,110.02,2909634
18/08/2022 16:00:00,109.29,110.82,108.6,109.45,2150493
19/08/2022 16:00:00,107.36,107.36,102.98,105.73,4244505
22/08/2022 16:00:00,102.35,103.89,100.28,101.85,3979631
23/08/2022 16:00:00,102.55,104.8,101.12,102.99,2748795
24/08/2022 16:00:00,102.62,106.34,102.21,105.3,2678894
25/08/2022 16:00:00,109.75,111.78,107.37,110.38,3789400
26/08/2022 16:00:00,109.83,113.05,106.42,106.73,3712379
29/08/2022 16:00:00,104.39,108,104.26,105.29,2415710
30/08/2022 16:00:00,106.22,108.21,102.45,104.61,2425810
31/08/2022 16:00:00,106.59,109.78,103.07,104.95,3851515
01/09/2022 16:00:00,101.88,101.88,93.2,97.14,7602206
02/09/2022 16:00:00,99.19,100.6,95.5,96.94,3771693
06/09/2022 16:00:00,96.63,96.63,92.15,92.33,3674350
07/09/2022 16:00:00,92.09,96.06,91.16,95.62,2760650
08/09/2022 16:00:00,94.35,99.42,93.6,97.89,3681808
09/09/2022 16:00:00,100,101.29,99.28,100.54,4774848
12/09/2022 16:00:00,102.07,104.95,101.62,104.39,4014278
13/09/2022 16:00:00,97,99.14,95.84,96.63,5023758
14/09/2022 16:00:00,98.34,100.13,96.04,97.03,3540644
15/09/2022 16:00:00,95.26,100.81,94.59,95.36,5118428
16/09/2022 16:00:00,91.76,92.11,89.52,91.25,6118067
19/09/2022 16:00:00,90.35,93.94,90.15,93.8,3480389
20/09/2022 16:00:00,92.97,95,91.87,93.57,2996870
21/09/2022 16:00:00,95.5,99.42,93.59,94.51,4185245
22/09/2022 16:00:00,93.92,95.36,89.36,89.44,5836483
23/09/2022 16:00:00,88.15,89.95,86.09,87.28,5433082
26/09/2022 16:00:00,87.15,90.07,86.26,86.41,2728483
27/09/2022 16:00:00,88.14,89.59,86.69,87.74,2875937
28/09/2022 16:00:00,88.11,90.38,86.94,89.76,3099187
29/09/2022 16:00:00,87.5,89.12,85.84,87.45,3243854
30/09/2022 16:00:00,87.86,91.46,86.8,88.78,4006111
03/10/2022 16:00:00,89.61,91.72,86.55,90.94,3244362
04/10/2022 16:00:00,94.99,96.87,94.56,95.35,4950385
05/10/2022 16:00:00,92.87,96.15,90.67,95.11,3490610
06/10/2022 16:00:00,94.75,97.31,93.1,93.66,2376406
07/10/2022 16:00:00,90.82,90.9,87.33,88.06,3011019
10/10/2022 16:00:00,87.61,88.39,81.87,84.02,4515720
11/10/2022 16:00:00,84.83,85.37,80.43,82.72,3821975
12/10/2022 16:00:00,82.63,83.6,80.26,82.35,3262813
13/10/2022 16:00:00,77.34,82.27,75.59,80.9,5417862
14/10/2022 16:00:00,82.62,83.33,75.54,75.69,4201546
17/10/2022 16:00:00,79.36,81.99,78.53,80.79,4400955
18/10/2022 16:00:00,84.83,85.15,81.13,81.78,3665846
19/10/2022 16:00:00,80.24,80.85,78.06,79,2828326
20/10/2022 16:00:00,81.72,86.22,80.62,82.34,5595444
21/10/2022 16:00:00,80.9,82.3,77.65,82.15,4779912
24/10/2022 16:00:00,82.98,82.98,79.37,82.43,2961434
25/10/2022 16:00:00,82.98,89.04,82.98,88.75,5505935
26/10/2022 16:00:00,81.58,86.69,80.49,81.5,5829369
27/10/2022 16:00:00,83,84.64,81.38,82.16,4096056
28/10/2022 16:00:00,78.45,81.4,75.95,81.13,7762171
31/10/2022 16:00:00,80.88,82.5,79.75,80.51,4077488
01/11/2022 16:00:00,83.24,84.05,79.51,80.8,3507760
02/11/2022 16:00:00,79.12,79.24,74.38,74.48,8664664
03/11/2022 16:00:00,78.8,79.03,74.8,75.01,10609659
04/11/2022 16:00:00,75.3,75.59,68.7,70.38,8624229
07/11/2022 16:00:00,71.1,71.39,68.68,69.48,4581750
08/11/2022 16:00:00,70.2,72.72,67.85,70.49,3789986
09/11/2022 16:00:00,69.6,69.63,66.45,67.22,3879678
10/11/2022 16:00:00,76.09,78.69,74.54,76.52,10430674
11/11/2022 16:00:00,77.01,83.69,76.06,82.35,5972917
14/11/2022 16:00:00,81.3,81.76,77.53,78.12,4776045
15/11/2022 16:00:00,82.44,86.88,82.28,86.1,7190609
16/11/2022 16:00:00,84.5,84.67,81.4,82.44,4891033
17/11/2022 16:00:00,78.89,81.2,77.5,79,3313872
18/11/2022 16:00:00,80.22,80.82,74.55,76.52,4517418
21/11/2022 16:00:00,75.12,75.86,73.32,73.35,2739566
22/11/2022 16:00:00,73.35,73.36,70.47,72.33,5026113
23/11/2022 16:00:00,72.59,75.98,71.4,75.31,3471337
25/11/2022 13:05:00,74.67,75.05,72.66,74.84,3334587
28/11/2022 16:00:00,74.36,75.25,73.19,73.47,2363186
29/11/2022 16:00:00,73.98,74.14,71.82,72.06,2599854
30/11/2022 16:00:00,71.26,75.9,70.07,75.78,6055330
01/12/2022 16:00:00,75.21,78.94,74.93,77.97,4252546
02/12/2022 16:00:00,75.47,76.37,72.67,74.71,5147740
05/12/2022 16:00:00,74.23,75.32,69.53,70.26,4528533
06/12/2022 16:00:00,70.43,70.5,67.33,68.58,4096298
07/12/2022 16:00:00,71.34,71.34,68.22,68.28,4613613
08/12/2022 16:00:00,69.94,75.24,68.59,74.02,6946153
09/12/2022 16:00:00,74.3,76.71,73.24,74.56,4638367
12/12/2022 16:00:00,74.86,78.48,74.36,76.99,4703942
13/12/2022 16:00:00,83.14,85.44,79,79.71,6809580
14/12/2022 16:00:00,82.71,83.6,79.05,80.48,5196635
15/12/2022 16:00:00,78.5,81.54,77.89,78.31,3834879
16/12/2022 16:00:00,77.91,78.91,75.95,77.83,4464332
19/12/2022 16:00:00,77.75,78.42,75.81,76.05,3053324
20/12/2022 16:00:00,75.01,76.8,74.38,75.98,3021015
21/12/2022 16:00:00,75.67,77.98,73.55,77.17,2546793
22/12/2022 16:00:00,75.23,75.92,71.9,72.95,3366406
23/12/2022 16:00:00,72.29,72.78,70.86,72.42,2125262
27/12/2022 16:00:00,71.7,72.2,69.88,70.57,2213766
28/12/2022 16:00:00,70.36,71.7,69.3,69.84,2160889
29/12/2022 16:00:00,70.48,74.18,70.03,73.94,3279410
30/12/2022 16:00:00,72.21,73.82,72.18,73.5,2186683
03/01/2023 16:00:00,75.19,76.6,70.45,72.09,3551008
04/01/2023 16:00:00,72.12,72.6,67.82,68.96,5188145
05/01/2023 16:00:00,67.8,68.01,63.39,63.5,7975680
06/01/2023 16:00:00,63.16,64.67,61.34,64.14,5094654
09/01/2023 16:00:00,65.8,67.83,64.89,65.94,4237765
10/01/2023 16:00:00,65.22,66.88,63.56,66.77,3654020
11/01/2023 16:00:00,67.2,69.28,66.14,69.03,3865469
12/01/2023 16:00:00,69.79,69.79,65.84,69.21,4390760
13/01/2023 16:00:00,67.75,70.65,67.43,70.47,2929244
17/01/2023 16:00:00,70.19,73.73,68.8,73.06,3851239
18/01/2023 16:00:00,74.46,74.79,69.62,69.7,3478850
19/01/2023 16:00:00,69.23,70.02,66.85,67.43,3626713
20/01/2023 16:00:00,68.23,71.14,67.81,71.05,3420367
23/01/2023 16:00:00,71.38,75.51,70.27,75.29,4425755
24/01/2023 16:00:00,74.45,76.43,73.29,73.69,4761423
25/01/2023 16:00:00,69.36,71.72,65.6,70.75,10284583
26/01/2023 16:00:00,73.17,76.04,71.77,76,6877507
27/01/2023 16:00:00,73.58,78.63,73.56,77.23,7447451
30/01/2023 16:00:00,75.43,76.18,72.79,73.84,4407773
31/01/2023 16:00:00,73.97,74.9,72.82,74.81,3198953
01/02/2023 16:00:00,76.16,82.73,75.55,82.7,7960221
02/02/2023 16:00:00,86.69,88.85,85.46,86.97,7919808
03/02/2023 16:00:00,81.01,84.44,79.43,79.46,7041150
06/02/2023 16:00:00,76.77,79.6,76.51,76.96,4236215
07/02/2023 16:00:00,77.28,80.77,75.54,80.32,4427260
08/02/2023 16:00:00,81.52,84.33,81.1,82.66,5737231
09/02/2023 16:00:00,84.6,85.38,82.57,83.4,5254627
10/02/2023 16:00:00,81.09,81.9,78.88,80.52,4322546
13/02/2023 16:00:00,81.25,84.02,79.89,82.24,5301289
14/02/2023 16:00:00,81,86.47,80.51,85.48,4918924
15/02/2023 16:00:00,86.57,90.01,86.29,88.72,8780756
16/02/2023 16:00:00,80.92,89.51,80.62,82.47,15005221
17/02/2023 16:00:00,82.32,82.68,79,79.99,5964603
21/02/2023 16:00:00,77.48,79.58,77.3,78.52,4109803
22/02/2023 16:00:00,79.23,80.89,78.34,79.96,3392801
23/02/2023 16:00:00,81.17,81.5,77.2,78.7,3277509
24/02/2023 16:00:00,75.59,77.25,75.31,76.67,3667777
27/02/2023 16:00:00,77.75,78.8,76.59,77.6,3210697
28/02/2023 16:00:00,77.59,78.01,76.17,76.52,3640613
01/03/2023 16:00:00,76.84,77.3,74.79,75.22,2880337
02/03/2023 16:00:00,73,75.07,72.89,74.1,5386075
03/03/2023 16:00:00,74.28,77.34,74.28,76.98,4688968
07/03/2023 16:00:00,76.58,77.39,74.37,74.82,3325962
08/03/2023 16:00:00,74.54,75.22,70.99,71.98,7343812
09/03/2023 16:00:00,71.03,74.52,69.86,69.91,5495631
10/03/2023 16:00:00,69.25,69.9,63.93,65.14,12585607
13/03/2023 16:00:00,65.24,67.57,62.99,66.24,7981254
14/03/2023 16:00:00,67.57,68.35,64.5,65.96,6523984
15/03/2023 16:00:00,65.23,68.22,64.52,67.54,8149756
16/03/2023 16:00:00,67.92,69.75,67.22,69.21,5680697
17/03/2023 16:00:00,69.21,69.96,67.85,68.62,4744615
20/03/2023 16:00:00,67.63,67.69,64.75,66.21,7059544
21/03/2023 16:00:00,67.17,69.96,67.01,69.67,4167927
22/03/2023 16:00:00,69.82,70.02,66.13,66.19,4435031
23/03/2023 16:00:00,68.08,69.55,66.43,67.44,3668808
24/03/2023 16:00:00,67,67.25,63.54,65.24,6147964
27/03/2023 16:00:00,65.75,67.2,65.34,65.6,3825247
28/03/2023 16:00:00,65.6,67.89,65.34,67.73,4521120
29/03/2023 16:00:00,68.98,69,66.96,68.1,3515490
30/03/2023 16:00:00,68.98,69.78,67.57,67.91,2945716
31/03/2023 16:00:00,68.24,73.3,68.2,72.66,6681513
03/04/2023 16:00:00,71.61,72.16,69.88,70.67,3624600
04/04/2023 16:00:00,70.7,71.29,68.88,69.32,3737474
05/04/2023 16:00:00,68.83,69.09,64.68,66.11,5246398
06/04/2023 16:00:00,65.59,66.38,63.68,65.83,4053612
10/04/2023 16:00:00,64.95,66.2,62.81,66.14,4889380
11/04/2023 16:00:00,64.76,66.16,63.96,64.85,5628900
12/04/2023 16:00:00,67.22,68.79,65.92,66.84,5983049
13/04/2023 16:00:00,67.59,69.81,67.42,68.08,4113261
14/04/2023 16:00:00,67.41,68.97,66.09,67.32,3243270
17/04/2023 16:00:00,67.38,69.85,67.06,69.84,3910524
18/04/2023 16:00:00,70.81,71.45,68.88,70,3038285
19/04/2023 16:00:00,69.07,70.82,69.01,69.56,2940836
20/04/2023 16:00:00,68.23,68.58,67,67.48,3604175
21/04/2023 16:00:00,68.39,69.76,67.05,67.28,3481043
24/04/2023 16:00:00,66.98,67.26,64.93,65.71,3306044
25/04/2023 16:00:00,65.1,65.4,62.6,62.69,5090851
26/04/2023 16:00:00,67.7,72.67,67.7,69.27,12055846
27/04/2023 16:00:00,71.16,71.35,69.05,70.21,6044481
28/04/2023 16:00:00,68.64,68.97,65.9,67.38,6426228
01/05/2023 16:00:00,66.78,66.78,65.17,65.4,4913208
02/05/2023 16:00:00,65,65.87,63.93,64.04,3667302
03/05/2023 16:00:00,63.68,67.41,63,65.84,7780119
04/05/2023 16:00:00,70.43,77.07,70,75.4,15351882
05/05/2023 16:00:00,75.81,79.23,75.3,76.57,8548172
08/05/2023 16:00:00,76.81,78.86,75.02,78.54,5361943
09/05/2023 16:00:00,78.17,81.45,77.95,79.59,5420431
10/05/2023 16:00:00,82.42,86.79,81.8,86,11311729
11/05/2023 16:00:00,86.45,86.87,85.37,86.65,5051428
12/05/2023 16:00:00,85.98,88.35,85.7,87.25,6542039
15/05/2023 16:00:00,87.93,89.75,87.34,88.5,6413353
16/05/2023 16:00:00,87.88,88.67,87.35,88.07,4395927
17/05/2023 16:00:00,88.51,91.66,88.28,91.28,5085859
18/05/2023 16:00:00,91.26,94.79,91.26,94.54,5672598
19/05/2023 16:00:00,93.68,94.37,91,92.09,5645012
22/05/2023 16:00:00,92.2,94.19,91.13,93.87,3807206
23/05/2023 16:00:00,92.99,94.79,92.8,93.07,3398521
24/05/2023 16:00:00,92.73,94.43,91.8,93.44,3465801
25/05/2023 16:00:00,94.85,97.4,91.35,92.41,5408788
26/05/2023 16:00:00,92.88,95.76,92.52,93.16,3922711
30/05/2023 16:00:00,94.93,95.34,92.43,93.69,3435417
31/05/2023 16:00:00,93.09,95.62,92.54,94.91,4829977
01/06/2023 16:00:00,93,96.08,91.66,94.99,4204630
02/06/2023 16:00:00,99.99,103.8,98.73,98.77,7895146
05/06/2023 16:00:00,97.63,100.57,96.06,100.35,4180482
06/06/2023 16:00:00,100.06,103.12,99.98,101.85,4747752
07/06/2023 16:00:00,101.68,102.66,93.31,93.59,7638047
08/06/2023 16:00:00,92.73,96.13,92.08,96.02,3862776
09/06/2023 16:00:00,97.03,98.73,94.91,95.63,4057886
12/06/2023 16:00:00,95.08,97.74,94.75,97.7,2860758
13/06/2023 16:00:00,99.74,100.3,96.55,97.75,2700358
14/06/2023 16:00:00,97.23,98.22,95.37,96.28,3305910
15/06/2023 16:00:00,95.26,99.13,95.19,98.19,3717321
16/06/2023 16:00:00,98.63,98.8,95.27,95.75,4530702
20/06/2023 16:00:00,95.6,97.98,95.3,96.68,3211321
21/06/2023 16:00:00,96.32,97.1,91.85,91.94,5481243
22/06/2023 16:00:00,91.66,96.15,90.88,94.5,4386581
23/06/2023 16:00:00,93,95.11,92.33,93.67,2926168
26/06/2023 16:00:00,93.1,96.32,92.75,93.34,2825683
27/06/2023 16:00:00,94.06,96.13,92.7,95.69,2570309
28/06/2023 16:00:00,95.69,100.58,95.63,98.15,5266691
29/06/2023 16:00:00,97.96,98.5,95.01,96.45,2717530
30/06/2023 16:00:00,97.92,100.44,97.21,98.38,3303474
03/07/2023 13:05:00,98.1,99.83,97.37,98.29,1586717
05/07/2023 16:00:00,97.2,98.97,95.84,98.28,3039637
06/07/2023 16:00:00,96.58,97.24,95.31,97.08,2113314
07/07/2023 16:00:00,97.5,101.5,97.47,98.02,4973326
10/07/2023 16:00:00,97.65,102.49,96.59,101.45,4050097
11/07/2023 16:00:00,102.03,106.08,101.06,104.98,5187377
12/07/2023 16:00:00,108.22,108.51,104.66,105.45,5492467
13/07/2023 16:00:00,106.5,109.65,106.14,109.19,3932777
14/07/2023 16:00:00,110,111.6,107.66,108.53,3314105
17/07/2023 16:00:00,109.41,113.63,109.01,112.77,3532290
18/07/2023 16:00:00,112.67,115,111.37,113.82,3358243
19/07/2023 16:00:00,116,117.45,113.53,115.22,4032097
20/07/2023 16:00:00,113,114.29,109.74,109.9,3811801
21/07/2023 16:00:00,110.87,111.5,108.67,109.87,6915542
24/07/2023 16:00:00,110.22,111.62,109.34,111.49,2987898
25/07/2023 16:00:00,115.79,118.02,114.32,115.3,6384314
26/07/2023 16:00:00,109.58,112.7,107.05,110.64,5720358
27/07/2023 16:00:00,113.15,113.2,108.6,109.46,3327700
28/07/2023 16:00:00,111.11,113.24,109.72,112.19,2855378
31/07/2023 16:00:00,113.44,116.78,113.44,116.72,4034826
01/08/2023 16:00:00,115,115.84,113.77,114.95,2194421
02/08/2023 16:00:00,111.81,112.49,105.41,106.83,6046686
03/08/2023 16:00:00,106.22,107.57,105,107.1,4412345
04/08/2023 16:00:00,114.8,115.95,107.3,107.53,6324039
07/08/2023 16:00:00,109.22,110.08,104.77,106.3,7678806
08/08/2023 16:00:00,84.38,89.24,83.87,88.04,26640857
09/08/2023 16:00:00,87.95,88.87,84.46,86.76,8504879
10/08/2023 16:00:00,88.83,92.16,88.51,90.72,7251691
11/08/2023 16:00:00,88.73,90.96,88.6,89.44,3176375
14/08/2023 16:00:00,88.09,90.3,87.59,89.78,3215444
15/08/2023 16:00:00,89.37,89.65,87.55,88.52,3108375
16/08/2023 16:00:00,88.86,92.14,88.1,90.6,5264340
17/08/2023 16:00:00,90.05,91,89.42,90.29,4189177
18/08/2023 16:00:00,89.4,94.25,89.04,93.63,5417530
21/08/2023 16:00:00,94.99,96.48,94.23,94.69,4747646
22/08/2023 16:00:00,95.47,95.87,92.67,93.69,3214278
23/08/2023 16:00:00,93.69,95.98,92.26,95.44,3048680
24/08/2023 16:00:00,97.35,97.35,91.37,91.85,3788052
25/08/2023 16:00:00,91.7,94,91.13,92.6,2761535
28/08/2023 16:00:00,93.25,93.43,91.48,92.54,2290028
29/08/2023 16:00:00,92.31,95.05,91.94,93.81,2345396
30/08/2023 16:00:00,92.71,94.2,91.85,94.16,3966353
31/08/2023 16:00:00,94.66,98.14,94.66,96.48,4390097
01/09/2023 16:00:00,97.73,98.84,96.92,97.73,3248884
05/09/2023 16:00:00,95.6,98.02,95.17,98,3334904
06/09/2023 16:00:00,97.16,98.3,95.64,97.66,3263206
07/09/2023 16:00:00,95.67,96.98,94.64,96.68,2473786
08/09/2023 16:00:00,96.65,99.1,96.08,97.66,3620585
11/09/2023 16:00:00,98.19,102,97.85,101.88,4035092
12/09/2023 16:00:00,99.92,101.16,98.17,98.22,2843178
13/09/2023 16:00:00,98.05,99.41,97.33,97.48,2226785
14/09/2023 16:00:00,98.03,98.71,96.46,97.51,1932052
15/09/2023 16:00:00,95.96,96.61,93.51,94.55,8094826
18/09/2023 16:00:00,93.8,95.49,93.25,94.5,1860294
19/09/2023 16:00:00,94,94.05,91.72,92.89,2117159
20/09/2023 16:00:00,92.89,94.81,91.98,92.05,2939265
21/09/2023 16:00:00,91,91.34,88.13,88.42,4259103
22/09/2023 16:00:00,89.1,89.73,87.26,88.76,2487630
25/09/2023 16:00:00,87.84,88.88,87.4,88.84,1665995
26/09/2023 16:00:00,87.93,88.75,86.25,86.57,2835372
27/09/2023 16:00:00,87.06,88.36,86.66,87.83,2256020
28/09/2023 16:00:00,86.91,90.11,85.29,88.96,4128735
29/09/2023 16:00:00,91.84,93.22,90.95,91.09,3797923
02/10/2023 16:00:00,92.54,93.35,90.83,91.84,2537990
03/10/2023 16:00:00,90.62,91.3,86.41,86.97,3573928
04/10/2023 16:00:00,86.84,88.74,86.55,88.53,3254913
05/10/2023 16:00:00,88.75,89.71,88.26,89.54,3625163
06/10/2023 16:00:00,87.58,94.8,87.5,94.43,4429653
09/10/2023 16:00:00,89.26,91.64,89.05,90.73,6148313
10/10/2023 16:00:00,90.73,93.65,90.51,91.63,4392980
11/10/2023 16:00:00,92.37,92.7,88.5,89.44,4182472
12/10/2023 16:00:00,89.41,90.37,87.15,87.98,3124805
13/10/2023 16:00:00,88.66,88.94,86.7,88.06,2888021
16/10/2023 16:00:00,88.35,91.72,87.85,90.52,2965111
17/10/2023 16:00:00,88.48,91.47,87.73,90.41,2495649
18/10/2023 16:00:00,89.74,90.9,88.21,88.29,2755518
19/10/2023 16:00:00,88.57,89.52,87.12,87.75,3383536
20/10/2023 16:00:00,87.84,89.1,84.91,86.08,3769572
23/10/2023 16:00:00,84.85,86.09,83.85,85.68,3016571
24/10/2023 16:00:00,86.27,88.63,86.1,87.86,3660027
25/10/2023 16:00:00,86.1,86.65,81.56,81.59,4427015
26/10/2023 16:00:00,82.03,83.72,79.41,80.72,5160759
27/10/2023 16:00:00,81.8,82.44,80.46,81.68,3633784
30/10/2023 16:00:00,81.16,81.57,79.37,80.41,4016234
31/10/2023 16:00:00,80.78,82.51,79.54,81.47,3289150
01/11/2023 16:00:00,82.02,82.2,78.66,80.1,5032900
02/11/2023 16:00:00,81.8,83.57,77.81,79.24,6804200
03/11/2023 16:00:00,79.47,83.05,79,82.04,5744698
06/11/2023 16:00:00,82.83,82.87,79.07,79.55,9905435
07/11/2023 16:00:00,98.99,104.43,96.17,102.2,29134771
08/11/2023 16:00:00,101.7,103.96,99.21,99.99,8377648
09/11/2023 16:00:00,100.49,102.48,99.6,100.23,6947701
10/11/2023 16:00:00,99.85,103.85,99.51,103.65,5100281
13/11/2023 16:00:00,103.49,105.86,102.74,104.25,4727054
14/11/2023 16:00:00,106.59,109.19,104.4,109.02,5824814
15/11/2023 16:00:00,109.99,112.11,109.1,109.44,5196795
16/11/2023 16:00:00,109.19,110.69,108.26,109.12,2477550
17/11/2023 16:00:00,109.07,110,108.74,109.54,2295856
20/11/2023 16:00:00,109.52,112.19,109.13,111.77,4092496
21/11/2023 16:00:00,109.72,112.18,108.62,111.93,3508614
22/11/2023 16:00:00,112.95,113.57,110.72,112.13,2507386
24/11/2023 13:05:00,112.14,113.12,111.16,112.87,1304787
27/11/2023 16:00:00,112.64,114.16,111.57,111.92,2878933
28/11/2023 16:00:00,112.26,114.84,112.15,114.24,3620561
29/11/2023 16:00:00,115.18,117.72,115,116.65,4193738
30/11/2023 16:00:00,118.19,120.26,115.51,116.57,4798167
01/12/2023 16:00:00,117.29,118.77,116.08,118.62,3584923
04/12/2023 16:00:00,117.4,118.41,115.29,118.18,4501485
05/12/2023 16:00:00,117.72,118.8,115.86,118.07,2703778
06/12/2023 16:00:00,118,118.95,114.23,114.31,4064474
07/12/2023 16:00:00,117.08,117.48,114.35,115,2870458
08/12/2023 16:00:00,113.28,114.39,112.25,113.83,3127618
11/12/2023 16:00:00,114.82,115.9,114.1,114.73,2689411
12/12/2023 16:00:00,113.46,115.5,112.59,114.66,1939469
13/12/2023 16:00:00,114.72,117.46,113.5,117.23,4162641
14/12/2023 16:00:00,119.01,120.96,117.69,120.65,5620796
15/12/2023 16:00:00,121.59,123.82,120.72,122.6,6436409
18/12/2023 16:00:00,122.44,124.15,121.69,123.27,2550889
19/12/2023 16:00:00,124.45,124.69,121.59,122.41,2753069
20/12/2023 16:00:00,121.67,123.49,120.16,120.62,2606806
21/12/2023 16:00:00,122.75,123.13,120.66,122.48,2426942
22/12/2023 16:00:00,123.21,123.46,121.21,122.49,2202450
26/12/2023 16:00:00,122.85,123.82,122.25,123.56,1142754
27/12/2023 16:00:00,124,124.16,122.61,123.6,1400331
28/12/2023 16:00:00,124,124.48,122.82,123.28,1506179
29/12/2023 16:00:00,123,123.73,120.89,121.38,2194121